patient_id,class_name,cell_count
C100P61ThinF,Parasitized,57
C100P61ThinF,Uninfected,68
C101P62ThinF,Parasitized,314
C101P62ThinF,Uninfected,71
C102P63ThinF,Parasitized,35
C102P63ThinF,Uninfected,68
C103P64ThinF,Parasitized,39
C103P64ThinF,Uninfected,68
C104P65ThinF,Parasitized,10
C104P65ThinF,Uninfected,72
C105P66ThinF,Parasitized,17
C105P66ThinF,Uninfected,68
C106P67ThinF,Parasitized,13
C106P67ThinF,Uninfected,66
C107P68ThinF,Parasitized,62
C107P68ThinF,Uninfected,70
C108P69ThinF,Parasitized,20
C108P69ThinF,Uninfected,69
C109P70ThinF,Parasitized,19
C109P70ThinF,Uninfected,68
C110P71ThinF,Parasitized,24
C110P71ThinF,Uninfected,69
C111P72ThinF,Parasitized,19
C111P72ThinF,Uninfected,69
C112P73ThinF,Parasitized,16
C112P73ThinF,Uninfected,63
C113P74ThinF,Parasitized,61
C113P74ThinF,Uninfected,66
C114P75ThinF,Parasitized,14
C114P75ThinF,Uninfected,67
C115P76ThinF,Parasitized,13
C115P76ThinF,Uninfected,65
C116P77ThinF,Parasitized,414
C116P77ThinF,Uninfected,68
C117P78ThinF,Parasitized,74
C117P78ThinF,Uninfected,74
C118P79ThinF,Parasitized,283
C118P79ThinF,Uninfected,70
C119P80ThinF,Parasitized,117
C119P80ThinF,Uninfected,65
C120P81ThinF,Parasitized,96
C120P81ThinF,Uninfected,68
C121P82ThinF,Parasitized,7
C121P82ThinF,Uninfected,77
C122P83ThinF,Parasitized,6
C122P83ThinF,Uninfected,69
C123P84ThinF,Parasitized,63
C123P84ThinF,Uninfected,68
C124P85ThinF,Parasitized,47
C124P85ThinF,Uninfected,67
C125P86ThinF,Parasitized,13
C125P86ThinF,Uninfected,70
C126P87ThinF,Parasitized,51
C126P87ThinF,Uninfected,69
C127P88ThinF,Parasitized,13
C127P88ThinF,Uninfected,69
C128P89ThinF,Parasitized,136
C128P89ThinF,Uninfected,70
C129P90ThinF,Parasitized,314
C129P90ThinF,Uninfected,72
C12NThinF,Uninfected,68
C130P91ThinF,Parasitized,116
C130P91ThinF,Uninfected,69
C131P92ThinF,Parasitized,50
C131P92ThinF,Uninfected,69
C132P93ThinF,Parasitized,574
C132P93ThinF,Uninfected,65
C133P94ThinF,Parasitized,282
C133P94ThinF,Uninfected,65
C134P95ThinF,Parasitized,28
C134P95ThinF,Uninfected,70
C135P96ThinF,Parasitized,12
C135P96ThinF,Uninfected,64
C136P97ThinF,Parasitized,327
C136P97ThinF,Uninfected,70
C137P98ThinF,Parasitized,332
C137P98ThinF,Uninfected,76
C138P99ThinF,Parasitized,6
C138P99ThinF,Uninfected,68
C139P100ThinF,Parasitized,19
C139P100ThinF,Uninfected,67
C13NThinF,Uninfected,69
C140P101ThinF,Parasitized,98
C140P101ThinF,Uninfected,69
C141P102ThinF,Parasitized,20
C141P102ThinF,Uninfected,72
C142P103ThinF,Parasitized,14
C142P103ThinF,Uninfected,71
C143P104ThinF,Parasitized,14
C143P104ThinF,Uninfected,67
C144P105ThinF,Parasitized,80
C144P105ThinF,Uninfected,68
C145P106ThinF,Parasitized,37
C145P106ThinF,Uninfected,70
C146P107ThinF,Parasitized,41
C146P107ThinF,Uninfected,70
C147P108ThinF,Parasitized,11
C147P108ThinF,Uninfected,68
C148P109ThinF,Parasitized,25
C148P109ThinF,Uninfected,68
C149P110ThinF,Parasitized,54
C149P110ThinF,Uninfected,67
C150P111ThinF,Parasitized,1
C150P111ThinF,Uninfected,67
C151P112ThinF,Parasitized,5
C151P112ThinF,Uninfected,68
C152P113ThinF,Parasitized,10
C152P113ThinF,Uninfected,70
C153P114ThinF,Parasitized,7
C153P114ThinF,Uninfected,65
C154P115ThinF,Parasitized,24
C154P115ThinF,Uninfected,67
C155P116ThinF,Parasitized,2
C155P116ThinF,Uninfected,67
C156P117ThinF,Parasitized,31
C156P117ThinF,Uninfected,68
C157P118ThinF,Parasitized,39
C157P118ThinF,Uninfected,68
C158P119ThinF,Parasitized,49
C158P119ThinF,Uninfected,68
C159P120ThinF,Parasitized,75
C159P120ThinF,Uninfected,67
C160P121ThinF,Parasitized,5
C160P121ThinF,Uninfected,68
C161P122ThinF,Parasitized,3
C161P122ThinF,Uninfected,67
C162P123ThinF,Parasitized,17
C162P123ThinF,Uninfected,67
C163P124ThinF,Parasitized,13
C163P124ThinF,Uninfected,68
C164P125ThinF,Parasitized,28
C164P125ThinF,Uninfected,69
C165P126ThinF,Parasitized,2
C165P126ThinF,Uninfected,70
C166P127ThinF,Parasitized,33
C166P127ThinF,Uninfected,68
C167P128ReThinF,Parasitized,91
C167P128ReThinF,Uninfected,67
C168P129ThinF,Parasitized,46
C168P129ThinF,Uninfected,68
C169P130ThinF,Parasitized,10
C169P130ThinF,Uninfected,72
C170P131ThinF,Parasitized,28
C170P131ThinF,Uninfected,65
C171P132ThinF,Parasitized,13
C171P132ThinF,Uninfected,71
C172P133ThinF,Parasitized,73
C172P133ThinF,Uninfected,67
C173P134NThinF,Parasitized,21
C173P134NThinF,Uninfected,67
C174P135NThinF,Parasitized,111
C174P135NThinF,Uninfected,71
C175P136NThinF,Parasitized,124
C175P136NThinF,Uninfected,68
C176P137NThinF,Parasitized,247
C176P137NThinF,Uninfected,68
C177P138NThinF,Parasitized,41
C177P138NThinF,Uninfected,71
C178P139NThinF,Parasitized,18
C178P139NThinF,Uninfected,68
C179P140ThinF,Parasitized,131
C179P140ThinF,Uninfected,66
C180P141NThinF,Parasitized,479
C180P141NThinF,Uninfected,68
C181P142ThinF,Parasitized,176
C181P142ThinF,Uninfected,69
C182P143NThinF,Parasitized,546
C182P143NThinF,Uninfected,68
C183P144NThinF,Parasitized,133
C183P144NThinF,Uninfected,70
C184P145ThinF,Parasitized,501
C184P145ThinF,Uninfected,67
C185P146ThinF,Parasitized,13
C185P146ThinF,Uninfected,68
C186P147NThinF,Parasitized,124
C186P147NThinF,Uninfected,68
C187P148NThinF,Parasitized,21
C187P148NThinF,Uninfected,70
C188P149ThinF,Parasitized,59
C188P149ThinF,Uninfected,69
C189P150ThinF,Parasitized,166
C189P150ThinF,Uninfected,74
C1_thinF,Uninfected,70
C201ThinF,Uninfected,68
C202ThinF,Uninfected,65
C203ThinF,Uninfected,69
C204ThinF,Uninfected,67
C205ThinF,Uninfected,69
C206ThinF,Uninfected,71
C207ThinF,Uninfected,70
C208ThinF,Uninfected,69
C209ThinF,Uninfected,71
C210ThinF,Uninfected,68
C211ThinF,Uninfected,69
C212ThinF,Uninfected,68
C213ThinF,Uninfected,69
C214ThinF,Uninfected,67
C215ThinF,Uninfected,69
C216ThinF,Uninfected,68
C217ThinF,Uninfected,69
C218ThinF,Uninfected,69
C219ThinF,Uninfected,66
C220ThinF,Uninfected,68
C221ThinF,Uninfected,70
C222ThinF,Uninfected,69
C223ThinF,Uninfected,68
C224ThinF,Uninfected,67
C225ThinF,Uninfected,67
C226ThinF,Uninfected,68
C227ThinF,Uninfected,68
C228ThinF,Uninfected,66
C229ThinF,Uninfected,69
C230ThinF,Uninfected,68
C231ThinF,Uninfected,70
C232ThinF,Uninfected,69
C233ThinF,Uninfected,68
C234ThinF,Uninfected,65
C235ThinF,Uninfected,68
C236ThinF,Uninfected,68
C237ThinF,Uninfected,68
C238NThinF,Uninfected,70
C239ThinF,Uninfected,69
C240ThinF,Uninfected,65
C241NThinF,Uninfected,68
C2NThinF,Uninfected,69
C33P1thinF,Parasitized,25
C33P1thinF,Uninfected,77
C37BP2_thinF,Parasitized,14
C37BP2_thinF,Uninfected,68
C38P3thinF_original,Parasitized,6
C38P3thinF_original,Uninfected,69
C39P4thinF_original,Parasitized,616
C39P4thinF_original,Uninfected,71
C3thin_original,Uninfected,69
C42P5thin_original,Parasitized,6
C42P5thin_original,Uninfected,70
C45P6ThinF,Parasitized,96
C45P6ThinF,Uninfected,71
C46P7ThinF,Parasitized,129
C46P7ThinF,Uninfected,69
C47P8thinOriginalOlympusCX21,Parasitized,2
C47P8thinOriginalOlympusCX21,Uninfected,65
C47P8thin_Original_Motic,Parasitized,8
C47P8thin_Original_Motic,Uninfected,69
C48P9thinF,Parasitized,323
C48P9thinF,Uninfected,68
C49P10thinF,Parasitized,37
C49P10thinF,Uninfected,67
C4thin_original,Uninfected,67
C50P11thinF,Parasitized,33
C50P11thinF,Uninfected,67
C51AP12thinF,Parasitized,142
C51AP12thinF,Uninfected,69
C52P13thinF,Parasitized,37
C52P13thinF,Uninfected,70
C53P14thinF,Parasitized,3
C53P14thinF,Uninfected,68
C54P15thinF,Parasitized,6
C54P15thinF,Uninfected,69
C55P16thinF,Parasitized,4
C55P16thinF,Uninfected,71
C56P17thinF,Parasitized,17
C56P17thinF,Uninfected,68
C57P18thinF,Parasitized,5
C57P18thinF,Uninfected,68
C58P19thinF,Parasitized,1
C58P19thinF,Uninfected,69
C59P20thinF,Parasitized,507
C59P20thinF,Uninfected,68
C5NThinF,Uninfected,69
C60P21thinF,Parasitized,142
C60P21thinF,Uninfected,69
C61P22N_ThinF,Parasitized,4
C61P22N_ThinF,Uninfected,71
C62P23N_ThinF,Parasitized,40
C62P23N_ThinF,Uninfected,69
C63P24N_ThinF,Parasitized,50
C63P24N_ThinF,Uninfected,68
C64P25N_ThinF,Parasitized,10
C64P25N_ThinF,Uninfected,69
C65P26N_ThinF,Parasitized,23
C65P26N_ThinF,Uninfected,71
C66P27N_ThinF,Parasitized,89
C66P27N_ThinF,Uninfected,66
C67P28N_ThinF,Parasitized,63
C67P28N_ThinF,Uninfected,67
C68P29N_ThinF,Parasitized,633
C68P29N_ThinF,Uninfected,69
C69P30N_ThinF,Parasitized,8
C69P30N_ThinF,Uninfected,68
C6NThinF,Uninfected,70
C70P31_ThinF,Parasitized,229
C70P31_ThinF,Uninfected,76
C71P32_ThinF,Parasitized,9
C71P32_ThinF,Uninfected,70
C72P33_ThinF,Parasitized,6
C72P33_ThinF,Uninfected,71
C73P34_ThinF,Parasitized,3
C73P34_ThinF,Uninfected,70
C74P35_ThinF,Parasitized,41
C74P35_ThinF,Uninfected,70
C75P36_ThinF,Parasitized,8
C75P36_ThinF,Uninfected,65
C76P37ThinF,Parasitized,72
C76P37ThinF,Uninfected,68
C77P38ThinF,Parasitized,20
C77P38ThinF,Uninfected,67
C78P39ThinF,Parasitized,41
C78P39ThinF,Uninfected,71
C79P40ThinF,Parasitized,7
C79P40ThinF,Uninfected,69
C7NthinF,Uninfected,67
C80P41ThinF,Parasitized,268
C80P41ThinF,Uninfected,66
C81P42ThinF,Parasitized,63
C81P42ThinF,Uninfected,64
C82P43ThinF,Parasitized,234
C82P43ThinF,Uninfected,65
C83P44ThinF,Parasitized,3
C83P44ThinF,Uninfected,70
C84P45ThinF,Parasitized,262
C84P45ThinF,Uninfected,69
C85P46ThinF,Parasitized,19
C85P46ThinF,Uninfected,69
C86P47ThinF,Parasitized,4
C86P47ThinF,Uninfected,68
C87P48ThinF,Parasitized,25
C87P48ThinF,Uninfected,70
C88P49ThinF,Parasitized,12
C88P49ThinF,Uninfected,70
C89P50ThinF,Parasitized,67
C89P50ThinF,Uninfected,70
C90P51ThinF,Parasitized,9
C90P51ThinF,Uninfected,69
C91P52ThinF,Parasitized,264
C91P52ThinF,Uninfected,69
C92P53ThinF,Parasitized,26
C92P53ThinF,Uninfected,67
C93P54ThinF,Parasitized,85
C93P54ThinF,Uninfected,68
C94P55ThinF,Parasitized,9
C94P55ThinF,Uninfected,70
C95P56ThinF,Parasitized,24
C95P56ThinF,Uninfected,68
C96P57ThinF,Parasitized,19
C96P57ThinF,Uninfected,67
C97P58ThinF,Parasitized,245
C97P58ThinF,Uninfected,65
C98P59ThinF,Parasitized,39
C98P59ThinF,Uninfected,69
C99P60ThinF,Parasitized,564
C99P60ThinF,Uninfected,68
